EPOCHS,LEARNING_RATE,BATCH_SIZE,KERNEL,POOLING,ACC_TRAIN,ACC_TEST,ERROR_TRAIN,ERROR_TEST
1,0.0009,100,2,max,45.93600034713745,61.46000027656555,1.5065546035766602,1.1182373762130737
2,0.0009,100,2,max,63.88999819755554,66.03000164031982,1.0287574529647827,0.9829455018043518
3,0.0009,100,2,max,70.42800188064575,68.87999773025513,0.8446974754333496,0.899034321308136
4,0.0009,100,2,max,75.40199756622314,72.22999930381775,0.7058418989181519,0.810771107673645
5,0.0009,100,2,max,80.21600246429443,72.9200005531311,0.5689050555229187,0.8290895819664001
6,0.0009,100,2,max,84.3999981880188,74.69000220298767,0.446214884519577,0.804349422454834
7,0.0009,100,2,max,88.7220025062561,73.25999736785889,0.3243391811847687,0.9433585405349731
8,0.0009,100,2,max,92.03000068664551,73.0400025844574,0.22752471268177032,1.038305640220642
9,0.0009,100,2,max,94.37599778175354,73.55999946594238,0.16191180050373077,1.1866323947906494
10,0.0009,100,2,max,95.78199982643127,73.580002784729,0.12261570245027542,1.2244188785552979
11,0.0009,100,2,max,96.37799859046936,73.21000099182129,0.10405678302049637,1.3392550945281982
12,0.0009,100,2,max,96.82400226593018,73.43999743461609,0.09176936000585556,1.341814398765564
13,0.0009,100,2,max,97.21800088882446,72.42000102996826,0.07924457639455795,1.6020689010620117
14,0.0009,100,2,max,97.50999808311462,72.87999987602234,0.0736670047044754,1.5914511680603027
15,0.0009,100,2,max,97.88399934768677,73.73999953269958,0.0606825165450573,1.6237050294876099
1,0.0009,100,2,average,40.4339998960495,52.70000100135803,1.6424739360809326,1.3189762830734253
2,0.0009,100,2,average,55.55800199508667,59.49000120162964,1.2370796203613281,1.136528491973877
3,0.0009,100,2,average,62.31600046157837,63.24999928474426,1.060395359992981,1.043624997138977
4,0.0009,100,2,average,67.45200157165527,65.41000008583069,0.9208695292472839,0.9869376420974731
5,0.0009,100,2,average,72.00400233268738,68.25000047683716,0.7921178936958313,0.9053429961204529
6,0.0009,100,2,average,75.97399950027466,69.12999749183655,0.6781174540519714,0.9210214018821716
7,0.0009,100,2,average,79.96000051498413,70.45999765396118,0.569796621799469,0.8816489577293396
8,0.0009,100,2,average,83.74000191688538,71.25999927520752,0.4629818797111511,0.9431230425834656
9,0.0009,100,2,average,87.14399933815002,70.24000287055969,0.3623136281967163,1.0330281257629395
10,0.0009,100,2,average,90.23399949073792,71.38000130653381,0.2778705060482025,1.0628799200057983
11,0.0009,100,2,average,92.84200072288513,72.02000021934509,0.20415529608726501,1.1699026823043823
12,0.0009,100,2,average,94.55000162124634,71.29999995231628,0.15600349009037018,1.2682701349258423
13,0.0009,100,2,average,95.58200240135193,71.96999788284302,0.12580932676792145,1.3749244213104248
14,0.0009,100,2,average,96.2719976902008,71.3699996471405,0.10755966603755951,1.5488048791885376
15,0.0009,100,2,average,96.72200083732605,70.99999785423279,0.09186588227748871,1.5894302129745483
1,0.0009,100,3,max,41.88799858093262,56.290000677108765,1.6205360889434814,1.2396667003631592
2,0.0009,100,3,max,60.228002071380615,62.95999884605408,1.1222174167633057,1.0577194690704346
3,0.0009,100,3,max,66.948002576828,67.08999872207642,0.9379306435585022,0.9427759051322937
4,0.0009,100,3,max,71.91399931907654,70.92000246047974,0.8091471195220947,0.8435055017471313
5,0.0009,100,3,max,76.00600123405457,70.42999863624573,0.6889090538024902,0.8593366742134094
6,0.0009,100,3,max,79.4979989528656,72.64000177383423,0.588498592376709,0.813972532749176
7,0.0009,100,3,max,82.53200054168701,72.93999791145325,0.4923003911972046,0.8853317499160767
8,0.0009,100,3,max,85.96600294113159,72.51999974250793,0.39355745911598206,0.8828198313713074
9,0.0009,100,3,max,89.4599974155426,73.48999977111816,0.29803046584129333,0.9580502510070801
10,0.0009,100,3,max,91.87399744987488,73.22999835014343,0.2312048077583313,1.0806028842926025
11,0.0009,100,3,max,94.00799870491028,72.08999991416931,0.16946107149124146,1.222756266593933
12,0.0009,100,3,max,94.55199837684631,71.85999751091003,0.1510021835565567,1.3095508813858032
13,0.0009,100,3,max,95.933997631073,72.60000109672546,0.11517273634672165,1.351547122001648
14,0.0009,100,3,max,96.44799828529358,73.11999797821045,0.10081201046705246,1.4237465858459473
15,0.0009,100,3,max,96.79200053215027,72.39999771118164,0.09199323505163193,1.5576478242874146
1,0.0009,100,3,average,39.937999844551086,50.81999897956848,1.6549105644226074,1.348159670829773
2,0.0009,100,3,average,55.879998207092285,58.84000062942505,1.2381747961044312,1.155173897743225
3,0.0009,100,3,average,62.133997678756714,63.28999996185303,1.0654149055480957,1.0323718786239624
4,0.0009,100,3,average,66.80200099945068,66.36999845504761,0.9413667321205139,0.9625995755195618
5,0.0009,100,3,average,71.19399905204773,67.43000149726868,0.8200426697731018,0.922883152961731
6,0.0009,100,3,average,74.71799850463867,69.65000033378601,0.7184622287750244,0.8960317969322205
7,0.0009,100,3,average,78.25599908828735,70.1799988746643,0.6165057420730591,0.8925506472587585
8,0.0009,100,3,average,81.7359983921051,69.91999745368958,0.5197430849075317,0.9358826279640198
9,0.0009,100,3,average,85.2620005607605,70.99000215530396,0.4214314818382263,0.9713870882987976
10,0.0009,100,3,average,88.19800019264221,71.79999947547913,0.3362374007701874,1.0215091705322266
11,0.0009,100,3,average,90.80600142478943,70.91000080108643,0.2641661465167999,1.1430302858352661
12,0.0009,100,3,average,93.09200048446655,71.3100016117096,0.19804346561431885,1.234441876411438
13,0.0009,100,3,average,94.23999786376953,71.11999988555908,0.1642787903547287,1.3788812160491943
14,0.0009,100,3,average,95.21200060844421,71.13999724388123,0.13604314625263214,1.4517173767089844
15,0.0009,100,3,average,96.41000032424927,70.31000256538391,0.10419358313083649,1.54543137550354
1,0.0009,100,5,max,36.41999959945679,51.099997758865356,1.7354007959365845,1.3756053447723389
2,0.0009,100,5,max,55.29800057411194,59.380000829696655,1.2434247732162476,1.1560665369033813
3,0.0009,100,5,max,62.79600262641907,63.28999996185303,1.059319019317627,1.0434010028839111
4,0.0009,100,5,max,67.4560010433197,66.75999760627747,0.9267851710319519,0.9564418792724609
5,0.0009,100,5,max,71.10400199890137,68.40999722480774,0.8274673819541931,0.9157551527023315
6,0.0009,100,5,max,74.00400042533875,69.41999793052673,0.7477485537528992,0.9031121730804443
7,0.0009,100,5,max,76.55799984931946,69.66000199317932,0.6671127676963806,0.9214706420898438
8,0.0009,100,5,max,79.34799790382385,68.62000226974487,0.5871085524559021,0.9511122107505798
9,0.0009,100,5,max,81.70599937438965,71.21000289916992,0.5157408714294434,0.9270942807197571
10,0.0009,100,5,max,84.59399938583374,70.57999968528748,0.4365807771682739,1.007453441619873
11,0.0009,100,5,max,86.74799799919128,70.32999992370605,0.3759799599647522,1.0727792978286743
12,0.0009,100,5,max,88.6900007724762,70.50999999046326,0.31582266092300415,1.1427651643753052
13,0.0009,100,5,max,91.0640001296997,69.88000273704529,0.25014612078666687,1.2680671215057373
14,0.0009,100,5,max,92.4619972705841,70.37000060081482,0.21291522681713104,1.3587032556533813
15,0.0009,100,5,max,93.6959981918335,70.3000009059906,0.17511248588562012,1.457577109336853
1,0.0009,100,5,average,36.305999755859375,46.219998598098755,1.7516076564788818,1.4780020713806152
2,0.0009,100,5,average,51.010000705718994,54.019999504089355,1.358015775680542,1.2797294855117798
3,0.0009,100,5,average,57.5219988822937,56.540000438690186,1.1933788061141968,1.2083008289337158
4,0.0009,100,5,average,61.904001235961914,61.169999837875366,1.0767868757247925,1.0876728296279907
5,0.0009,100,5,average,65.64800143241882,64.49999809265137,0.9695398807525635,1.0287020206451416
6,0.0009,100,5,average,69.13800239562988,66.58999919891357,0.8762586712837219,0.9575853943824768
7,0.0009,100,5,average,72.38399982452393,67.25999712944031,0.7812799215316772,0.9452722072601318
8,0.0009,100,5,average,75.49600005149841,67.89000034332275,0.6935356259346008,0.9473564028739929
9,0.0009,100,5,average,78.4879982471466,68.61000061035156,0.6131398677825928,0.9484516978263855
10,0.0009,100,5,average,80.98199963569641,70.08000016212463,0.5316430330276489,0.9411218166351318
11,0.0009,100,5,average,83.95000100135803,69.06999945640564,0.45228201150894165,1.05350661277771
12,0.0009,100,5,average,86.34399771690369,70.02000212669373,0.38360854983329773,1.058823823928833
13,0.0009,100,5,average,88.85800242424011,69.96999979019165,0.3135926127433777,1.1834310293197632
14,0.0009,100,5,average,91.00199937820435,69.01999711990356,0.25511929392814636,1.2484235763549805
15,0.0009,100,5,average,92.85600185394287,69.63000297546387,0.20476630330085754,1.3514022827148438
1,0.0009,200,2,max,39.05999958515167,52.59000062942505,1.7036861181259155,1.3231744766235352
2,0.0009,200,2,max,58.83600115776062,60.579997301101685,1.1652576923370361,1.0995867252349854
3,0.0009,200,2,max,65.15200138092041,66.47999882698059,0.9885085821151733,0.9563525915145874
4,0.0009,200,2,max,70.22200226783752,69.2300021648407,0.8521484136581421,0.8825245499610901
5,0.0009,200,2,max,74.27600026130676,69.69000101089478,0.7326409816741943,0.863091230392456
6,0.0009,200,2,max,77.66199707984924,73.6299991607666,0.6392030119895935,0.7964521646499634
7,0.0009,200,2,max,81.18399977684021,73.50000143051147,0.536362886428833,0.8019899129867554
8,0.0009,200,2,max,84.46999788284302,73.3299970626831,0.44426003098487854,0.8283465504646301
9,0.0009,200,2,max,88.19400072097778,72.89999723434448,0.3411056399345398,0.9359171390533447
10,0.0009,200,2,max,91.20200276374817,73.21000099182129,0.2556397318840027,0.974335789680481
11,0.0009,200,2,max,93.57399940490723,74.01999831199646,0.18723107874393463,1.022032380104065
12,0.0009,200,2,max,94.96999979019165,74.05999898910522,0.14498281478881836,1.1466951370239258
13,0.0009,200,2,max,96.43399715423584,73.54999780654907,0.10480552166700363,1.2206517457962036
14,0.0009,200,2,max,97.14000225067139,73.65000247955322,0.08488014340400696,1.3440905809402466
15,0.0009,200,2,max,97.15999960899353,73.84999990463257,0.08198349922895432,1.4094254970550537
1,0.0009,200,2,average,35.881999135017395,49.54000115394592,1.7784249782562256,1.392073392868042
2,0.0009,200,2,average,52.8219997882843,56.279999017715454,1.3095685243606567,1.230393648147583
3,0.0009,200,2,average,59.48600172996521,59.56000089645386,1.1391351222991943,1.1363027095794678
4,0.0009,200,2,average,64.16400074958801,63.70000243186951,1.017171025276184,1.018926739692688
5,0.0009,200,2,average,67.67200231552124,65.85000157356262,0.9179621934890747,0.9605115652084351
6,0.0009,200,2,average,71.424001455307,68.30000281333923,0.8160190582275391,0.9183747172355652
7,0.0009,200,2,average,74.18599724769592,69.04000043869019,0.7307233214378357,0.8890366554260254
8,0.0009,200,2,average,77.22200155258179,69.19000148773193,0.6460209488868713,0.9014590382575989
9,0.0009,200,2,average,80.24399876594543,71.10000252723694,0.5669281482696533,0.8689822554588318
10,0.0009,200,2,average,83.17800164222717,71.57999873161316,0.4781123697757721,0.896803081035614
11,0.0009,200,2,average,86.15999817848206,72.32000231742859,0.3977627158164978,0.9154360890388489
12,0.0009,200,2,average,88.75600099563599,71.24000191688538,0.32568857073783875,0.9970666766166687
13,0.0009,200,2,average,91.14000201225281,70.59999704360962,0.25551798939704895,1.090356469154358
14,0.0009,200,2,average,93.2420015335083,72.14000225067139,0.19686134159564972,1.128047227859497
15,0.0009,200,2,average,94.58600282669067,71.03000283241272,0.15694168210029602,1.2915043830871582
1,0.0009,200,3,max,35.45199930667877,48.989999294281006,1.7928067445755005,1.4016400575637817
2,0.0009,200,3,max,55.62800168991089,60.46000123023987,1.2481311559677124,1.1170642375946045
3,0.0009,200,3,max,63.58000040054321,65.17000198364258,1.038172960281372,0.9792720675468445
4,0.0009,200,3,max,68.68399977684021,68.02999973297119,0.8964043259620667,0.9201708436012268
5,0.0009,200,3,max,72.51200079917908,69.760000705719,0.7921112775802612,0.8755171895027161
6,0.0009,200,3,max,75.98599791526794,72.28000164031982,0.6918880939483643,0.8144116401672363
7,0.0009,200,3,max,78.84600162506104,73.47000241279602,0.6067727208137512,0.7967345714569092
8,0.0009,200,3,max,81.78200125694275,72.64999747276306,0.520078182220459,0.8142178058624268
9,0.0009,200,3,max,85.0380003452301,73.30999970436096,0.4285009205341339,0.8466061949729919
10,0.0009,200,3,max,87.73999810218811,75.01999735832214,0.35335442423820496,0.8701131343841553
11,0.0009,200,3,max,90.09000062942505,73.69999885559082,0.28240931034088135,0.9528588056564331
12,0.0009,200,3,max,92.31399893760681,74.23999905586243,0.22237583994865417,1.0590306520462036
13,0.0009,200,3,max,94.19599771499634,74.40999746322632,0.1701754778623581,1.103369116783142
14,0.0009,200,3,max,95.77999711036682,74.76000189781189,0.12306372821331024,1.2138726711273193
15,0.0009,200,3,max,96.47200107574463,73.37999939918518,0.10323233902454376,1.3040335178375244
1,0.0009,200,3,average,33.30000042915344,46.790000796318054,1.8390902280807495,1.454453706741333
2,0.0009,200,3,average,51.05599761009216,54.019999504089355,1.3596618175506592,1.2778053283691406
3,0.0009,200,3,average,58.174002170562744,59.8800003528595,1.1752489805221558,1.1066817045211792
4,0.0009,200,3,average,63.02599906921387,61.51999831199646,1.0439752340316772,1.0721207857131958
5,0.0009,200,3,average,66.63200259208679,65.74000120162964,0.9457098245620728,0.9777435064315796
6,0.0009,200,3,average,70.17199993133545,67.1500027179718,0.8547049164772034,0.9471434950828552
7,0.0009,200,3,average,72.87200093269348,66.94999933242798,0.7768118977546692,0.9417065382003784
8,0.0009,200,3,average,75.44999718666077,69.26000118255615,0.7001714110374451,0.8853151202201843
9,0.0009,200,3,average,78.15999984741211,70.56999802589417,0.6232642531394958,0.850656270980835
10,0.0009,200,3,average,80.63799738883972,71.29999995231628,0.5524354577064514,0.8641572594642639
11,0.0009,200,3,average,83.2639992237091,71.46000266075134,0.4791587293148041,0.8824392557144165
12,0.0009,200,3,average,86.04999780654907,71.49999737739563,0.40033647418022156,0.9332597255706787
13,0.0009,200,3,average,88.19000124931335,70.01000046730042,0.33890974521636963,1.0230175256729126
14,0.0009,200,3,average,90.43999910354614,71.74000144004822,0.2796728014945984,1.049626350402832
15,0.0009,200,3,average,91.78599715232849,71.5499997138977,0.2343418300151825,1.0921454429626465
1,0.0009,200,5,max,31.67400062084198,46.36000096797943,1.877000331878662,1.4495594501495361
2,0.0009,200,5,max,52.21800208091736,58.730000257492065,1.315733790397644,1.1649014949798584
3,0.0009,200,5,max,60.30600070953369,61.01999878883362,1.1213655471801758,1.0992642641067505
4,0.0009,200,5,max,64.67599868774414,64.31000232696533,1.0015869140625,1.0121443271636963
5,0.0009,200,5,max,67.99399852752686,66.54000282287598,0.9101275205612183,0.9633558392524719
6,0.0009,200,5,max,71.069997549057,69.17999982833862,0.8250245451927185,0.8955873847007751
7,0.0009,200,5,max,73.9080011844635,70.20999789237976,0.7427340745925903,0.8692168593406677
8,0.0009,200,5,max,76.18799805641174,70.49999833106995,0.678516685962677,0.8686065673828125
9,0.0009,200,5,max,78.50599884986877,70.92000246047974,0.6096035242080688,0.8666044473648071
10,0.0009,200,5,max,80.62000274658203,72.72999882698059,0.5550567507743835,0.848604142665863
11,0.0009,200,5,max,82.95999765396118,71.41000032424927,0.4860984683036804,0.8942540884017944
12,0.0009,200,5,max,85.30399799346924,71.96000218391418,0.42321595549583435,0.9252727627754211
13,0.0009,200,5,max,87.16199994087219,71.42999768257141,0.3641180694103241,1.0146594047546387
14,0.0009,200,5,max,88.6139988899231,71.3699996471405,0.32463178038597107,1.0445513725280762
15,0.0009,200,5,max,90.5780017375946,71.3100016117096,0.26687929034233093,1.1382347345352173
1,0.0009,200,5,average,29.214000701904297,41.510000824928284,1.9435955286026,1.5790388584136963
2,0.0009,200,5,average,46.164000034332275,48.85999858379364,1.4824450016021729,1.3864094018936157
3,0.0009,200,5,average,52.50200033187866,54.82000112533569,1.3211255073547363,1.2672117948532104
4,0.0009,200,5,average,56.686002016067505,57.38999843597412,1.2158585786819458,1.1983041763305664
5,0.0009,200,5,average,60.98399758338928,60.11999845504761,1.105136513710022,1.129150152206421
6,0.0009,200,5,average,64.25600051879883,62.76000142097473,1.0064983367919922,1.0666636228561401
7,0.0009,200,5,average,67.1019971370697,65.99000096321106,0.932380199432373,0.975781261920929
8,0.0009,200,5,average,70.0219988822937,66.51999950408936,0.8558900952339172,0.9770439267158508
9,0.0009,200,5,average,72.31199741363525,67.33999848365784,0.7884618043899536,0.938727855682373
10,0.0009,200,5,average,74.09399747848511,67.43000149726868,0.7335169911384583,0.9616928100585938
11,0.0009,200,5,average,76.15600228309631,70.32999992370605,0.6729108691215515,0.8916419744491577
12,0.0009,200,5,average,78.93400192260742,70.49000263214111,0.6038757562637329,0.8979552984237671
13,0.0009,200,5,average,80.86400032043457,70.80000042915344,0.5449972152709961,0.9155619740486145
14,0.0009,200,5,average,83.024001121521,70.23000121116638,0.4826638698577881,0.9526693820953369
15,0.0009,200,5,average,84.64199900627136,69.85999941825867,0.43405717611312866,1.0111883878707886
1,0.0005,100,2,max,43.92400085926056,56.929999589920044,1.5576391220092773,1.226632833480835
2,0.0005,100,2,max,60.537999868392944,64.96999859809875,1.1112321615219116,1.0026966333389282
3,0.0005,100,2,max,67.51400232315063,68.88999938964844,0.9258298277854919,0.9005410671234131
4,0.0005,100,2,max,71.86599969863892,69.91000175476074,0.8017871975898743,0.8666634559631348
5,0.0005,100,2,max,76.146000623703,72.25000262260437,0.6837697625160217,0.8119624257087708
6,0.0005,100,2,max,79.96000051498413,74.26000237464905,0.5734266638755798,0.7662988901138306
7,0.0005,100,2,max,83.36600065231323,73.61000180244446,0.4753231108188629,0.8167738318443298
8,0.0005,100,2,max,87.05800175666809,74.23999905586243,0.372930109500885,0.850508451461792
9,0.0005,100,2,max,90.25599956512451,74.88999962806702,0.2806975245475769,0.8625471591949463
10,0.0005,100,2,max,93.14200282096863,73.18999767303467,0.2014087736606598,1.0515531301498413
11,0.0005,100,2,max,95.1960027217865,74.65999722480774,0.14261651039123535,1.121153473854065
12,0.0005,100,2,max,96.24599814414978,73.97000193595886,0.11233451217412949,1.1783185005187988
13,0.0005,100,2,max,97.38199710845947,74.40999746322632,0.08058425784111023,1.3104761838912964
14,0.0005,100,2,max,97.42199778556824,74.6999979019165,0.07435787469148636,1.291469931602478
15,0.0005,100,2,max,97.60599732398987,74.68000054359436,0.07161550223827362,1.3721979856491089
1,0.0005,100,2,average,39.87799882888794,50.55000185966492,1.6562836170196533,1.3522453308105469
2,0.0005,100,2,average,55.15999794006348,56.72000050544739,1.2557811737060547,1.20078706741333
3,0.0005,100,2,average,61.291998624801636,61.970001459121704,1.0864108800888062,1.0823835134506226
4,0.0005,100,2,average,65.89999794960022,65.41000008583069,0.9600901007652283,0.9735979437828064
5,0.0005,100,2,average,69.95599865913391,68.15999746322632,0.8594025373458862,0.9075225591659546
6,0.0005,100,2,average,72.74199724197388,68.19999814033508,0.7729704976081848,0.9164187908172607
7,0.0005,100,2,average,75.94199776649475,69.88999843597412,0.686972439289093,0.8854761719703674
8,0.0005,100,2,average,78.63600254058838,70.14999985694885,0.6067025065422058,0.8865268230438232
9,0.0005,100,2,average,81.80800080299377,71.92999720573425,0.5218715667724609,0.8333685994148254
10,0.0005,100,2,average,84.64400172233582,72.7400004863739,0.4440179765224457,0.8416450023651123
11,0.0005,100,2,average,87.117999792099,72.15999960899353,0.3678945004940033,0.9130066633224487
12,0.0005,100,2,average,89.82800245285034,73.18000197410583,0.29487183690071106,0.9465457201004028
13,0.0005,100,2,average,92.16399788856506,72.49000072479248,0.22788619995117188,1.0265779495239258
14,0.0005,100,2,average,93.74399781227112,72.93999791145325,0.18200445175170898,1.0655255317687988
15,0.0005,100,2,average,95.2679991722107,72.61999845504761,0.1373283416032791,1.222119688987732
1,0.0005,100,3,max,43.14799904823303,56.05999827384949,1.5817373991012573,1.2495461702346802
2,0.0005,100,3,max,59.846001863479614,64.68999981880188,1.135718584060669,1.016531229019165
3,0.0005,100,3,max,66.64599776268005,68.07000041007996,0.9519465565681458,0.9195429086685181
4,0.0005,100,3,max,71.28199934959412,70.8299994468689,0.8243399262428284,0.8460336327552795
5,0.0005,100,3,max,75.24999976158142,70.20999789237976,0.7133867740631104,0.868012011051178
6,0.0005,100,3,max,78.34399938583374,72.18000292778015,0.6207693815231323,0.8106852173805237
7,0.0005,100,3,max,81.1240017414093,73.94000291824341,0.5398560166358948,0.7888693809509277
8,0.0005,100,3,max,84.40999984741211,72.86999821662903,0.44677838683128357,0.8740838766098022
9,0.0005,100,3,max,87.11000084877014,72.64999747276306,0.3665218949317932,0.9326457381248474
10,0.0005,100,3,max,90.07800221443176,74.37999844551086,0.28618186712265015,0.912574052810669
11,0.0005,100,3,max,92.5379991531372,74.1599977016449,0.21344706416130066,0.9987584948539734
12,0.0005,100,3,max,94.50399875640869,74.54000115394592,0.16197636723518372,1.065999150276184
13,0.0005,100,3,max,95.45999765396118,73.61999750137329,0.13151481747627258,1.2178109884262085
14,0.0005,100,3,max,96.20000123977661,73.40999841690063,0.10921092331409454,1.323767900466919
15,0.0005,100,3,max,96.88799977302551,73.87999892234802,0.0910942330956459,1.3075838088989258
1,0.0005,100,3,average,38.01200091838837,48.500001430511475,1.7121236324310303,1.4234639406204224
2,0.0005,100,3,average,52.88199782371521,56.550002098083496,1.3108192682266235,1.2285094261169434
3,0.0005,100,3,average,58.81199836730957,59.5300018787384,1.16006600856781,1.1239597797393799
4,0.0005,100,3,average,63.099998235702515,62.550002336502075,1.0453028678894043,1.0626707077026367
5,0.0005,100,3,average,66.57599806785583,65.56000113487244,0.9461827874183655,0.975185751914978
6,0.0005,100,3,average,69.78800296783447,67.65000224113464,0.86215740442276,0.9207099676132202
7,0.0005,100,3,average,72.44600057601929,68.88999938964844,0.7823929190635681,0.8951668739318848
8,0.0005,100,3,average,75.23000240325928,66.82000160217285,0.7055801749229431,0.9635661840438843
9,0.0005,100,3,average,77.56199836730957,71.46000266075134,0.6391409039497375,0.8509731888771057
10,0.0005,100,3,average,80.47400116920471,71.24999761581421,0.5632469654083252,0.8531845211982727
11,0.0005,100,3,average,82.77199864387512,71.35000228881836,0.4963230788707733,0.8726995587348938
12,0.0005,100,3,average,84.96400117874146,70.8899974822998,0.42840710282325745,0.9313775897026062
13,0.0005,100,3,average,87.73199915885925,71.29999995231628,0.35462725162506104,0.945952296257019
14,0.0005,100,3,average,89.7819995880127,72.42000102996826,0.2927599847316742,0.9922716021537781
15,0.0005,100,3,average,92.04400181770325,70.85999846458435,0.23007187247276306,1.106248140335083
1,0.0005,100,5,max,37.93799877166748,48.899999260902405,1.7049295902252197,1.427478313446045
2,0.0005,100,5,max,55.75600266456604,57.910001277923584,1.2387194633483887,1.2096679210662842
3,0.0005,100,5,max,62.1940016746521,63.8700008392334,1.069640874862671,1.0356186628341675
4,0.0005,100,5,max,66.87800288200378,65.59000015258789,0.9411227703094482,0.9871485829353333
5,0.0005,100,5,max,70.1799988746643,67.10000038146973,0.8525671362876892,0.9498655200004578
6,0.0005,100,5,max,73.198002576828,67.71000027656555,0.7671586871147156,0.949647068977356
7,0.0005,100,5,max,75.77000260353088,69.4599986076355,0.6907579898834229,0.8957094550132751
8,0.0005,100,5,max,78.25400233268738,70.8400011062622,0.6208259463310242,0.8673112392425537
9,0.0005,100,5,max,80.47000169754028,70.91000080108643,0.5510058999061584,0.9040944576263428
10,0.0005,100,5,max,83.2040011882782,71.92000150680542,0.47977325320243835,0.9112914204597473
11,0.0005,100,5,max,85.26800274848938,72.29999899864197,0.41886216402053833,0.9114590287208557
12,0.0005,100,5,max,87.52800226211548,72.22999930381775,0.35704943537712097,0.9975988268852234
13,0.0005,100,5,max,89.29600119590759,72.51999974250793,0.3022523820400238,1.0289798974990845
14,0.0005,100,5,max,91.71199798583984,71.3699996471405,0.2399466335773468,1.1583402156829834
15,0.0005,100,5,max,92.58000254631042,71.92999720573425,0.2098444104194641,1.1777114868164062
1,0.0005,100,5,average,34.408000111579895,44.760000705718994,1.8032174110412598,1.494779348373413
2,0.0005,100,5,average,49.215999245643616,52.28000283241272,1.3999905586242676,1.3287882804870605
3,0.0005,100,5,average,54.975998401641846,56.459999084472656,1.2559051513671875,1.222541093826294
4,0.0005,100,5,average,59.233999252319336,58.10999870300293,1.1421040296554565,1.194880485534668
5,0.0005,100,5,average,62.7560019493103,62.01000213623047,1.0467164516448975,1.084598183631897
6,0.0005,100,5,average,66.20399951934814,64.88000154495239,0.9576547145843506,0.9912561178207397
7,0.0005,100,5,average,68.95800232887268,66.01999998092651,0.8813579678535461,0.9697200655937195
8,0.0005,100,5,average,71.56000137329102,67.29999780654907,0.8123383522033691,0.9539448022842407
9,0.0005,100,5,average,73.66600036621094,69.02999877929688,0.7457104921340942,0.8956500887870789
10,0.0005,100,5,average,76.21600031852722,68.27999949455261,0.677772045135498,0.9361259937286377
11,0.0005,100,5,average,78.39199900627136,70.27999758720398,0.6156061291694641,0.8967956304550171
12,0.0005,100,5,average,80.27600049972534,70.63000202178955,0.5617433190345764,0.9057585000991821
13,0.0005,100,5,average,82.77599811553955,71.96000218391418,0.49218106269836426,0.9036353826522827
14,0.0005,100,5,average,84.88600254058838,70.57999968528748,0.4300771951675415,0.9865806698799133
15,0.0005,100,5,average,86.50199770927429,69.84000205993652,0.38370460271835327,1.0293220281600952
1,0.0005,200,2,max,39.61600065231323,53.22999954223633,1.6971834897994995,1.3154960870742798
2,0.0005,200,2,max,56.82799816131592,61.4300012588501,1.2218736410140991,1.1044702529907227
3,0.0005,200,2,max,62.713998556137085,64.19000029563904,1.0575664043426514,1.0092908143997192
4,0.0005,200,2,max,66.70200228691101,66.72999858856201,0.9470588564872742,0.9497814774513245
5,0.0005,200,2,max,70.38000226020813,68.76000165939331,0.8487957715988159,0.887617290019989
6,0.0005,200,2,max,73.69400262832642,70.78999876976013,0.7543596625328064,0.842359185218811
7,0.0005,200,2,max,76.33399963378906,71.28000259399414,0.6765287518501282,0.843934178352356
8,0.0005,200,2,max,78.95200252532959,72.47999906539917,0.603875994682312,0.8036481738090515
9,0.0005,200,2,max,82.03999996185303,74.04999732971191,0.5216700434684753,0.7820481657981873
10,0.0005,200,2,max,84.58200097084045,73.9799976348877,0.44687727093696594,0.8017289042472839
11,0.0005,200,2,max,87.47199773788452,72.75000214576721,0.3622203469276428,0.8670765161514282
12,0.0005,200,2,max,89.85999822616577,73.7600028514862,0.2990298867225647,0.8922814130783081
13,0.0005,200,2,max,91.97199940681458,74.04999732971191,0.23612485826015472,0.947944700717926
14,0.0005,200,2,max,93.99999976158142,74.55999851226807,0.18106232583522797,0.9866793155670166
15,0.0005,200,2,max,95.71800231933594,73.83999824523926,0.13319061696529388,1.0762693881988525
1,0.0005,200,2,average,35.631999373435974,47.99000024795532,1.8034000396728516,1.4382508993148804
2,0.0005,200,2,average,50.52400231361389,53.93000245094299,1.365675449371338,1.3062255382537842
3,0.0005,200,2,average,56.620001792907715,56.87999725341797,1.2194843292236328,1.2043910026550293
4,0.0005,200,2,average,60.523998737335205,61.07000112533569,1.115200400352478,1.0904793739318848
5,0.0005,200,2,average,63.92999887466431,63.15000057220459,1.0216144323349,1.0503135919570923
6,0.0005,200,2,average,66.26999974250793,65.56000113487244,0.9516658782958984,0.9794561266899109
7,0.0005,200,2,average,68.93799901008606,67.3200011253357,0.8809650540351868,0.9174728989601135
8,0.0005,200,2,average,71.64400219917297,68.48999857902527,0.8091381192207336,0.8963847160339355
9,0.0005,200,2,average,74.0339994430542,69.20999884605408,0.7455589175224304,0.8878374695777893
10,0.0005,200,2,average,76.16599798202515,70.20000219345093,0.6818016171455383,0.8689621686935425
11,0.0005,200,2,average,78.15399765968323,71.4900016784668,0.6255786418914795,0.8379257321357727
12,0.0005,200,2,average,80.25599718093872,71.39000296592712,0.5730189085006714,0.8396088480949402
13,0.0005,200,2,average,82.50600099563599,70.71999907493591,0.505876898765564,0.8824734687805176
14,0.0005,200,2,average,84.52600240707397,71.71000242233276,0.4464191198348999,0.8731207847595215
15,0.0005,200,2,average,86.60200238227844,71.95000052452087,0.3919568955898285,0.8993424773216248
1,0.0005,200,3,max,38.444000482559204,50.44999718666077,1.7234797477722168,1.376133680343628
2,0.0005,200,3,max,54.78399991989136,56.690001487731934,1.2717465162277222,1.221107006072998
3,0.0005,200,3,max,61.37400269508362,63.88000249862671,1.098448395729065,1.0367027521133423
4,0.0005,200,3,max,65.70600271224976,65.47999978065491,0.9771501421928406,0.9958142042160034
5,0.0005,200,3,max,69.23400163650513,68.79000067710876,0.8826297521591187,0.9035694599151611
6,0.0005,200,3,max,72.08399772644043,69.8199987411499,0.8065205216407776,0.8690318465232849
7,0.0005,200,3,max,74.65599775314331,71.95000052452087,0.7328370809555054,0.8247118592262268
8,0.0005,200,3,max,77.60400176048279,71.13000154495239,0.6505625247955322,0.8365423679351807
9,0.0005,200,3,max,79.448002576828,70.23000121116638,0.5912814736366272,0.8930146098136902
10,0.0005,200,3,max,81.79399967193604,74.44999814033508,0.5279560685157776,0.7923276424407959
11,0.0005,200,3,max,84.2199981212616,72.68999814987183,0.4587826728820801,0.8604686856269836
12,0.0005,200,3,max,86.74600124359131,72.99000024795532,0.3841245472431183,0.8751413226127625
13,0.0005,200,3,max,88.8700008392334,73.39000105857849,0.32662609219551086,0.9320743680000305
14,0.0005,200,3,max,91.10199809074402,74.94000196456909,0.26152554154396057,0.9195678234100342
15,0.0005,200,3,max,93.13200116157532,72.71999716758728,0.20658540725708008,1.0829147100448608
1,0.0005,200,3,average,32.94999897480011,45.170000195503235,1.877485990524292,1.5286555290222168
2,0.0005,200,3,average,48.29399883747101,50.609999895095825,1.4258270263671875,1.3892943859100342
3,0.0005,200,3,average,54.06200289726257,55.239999294281006,1.2850043773651123,1.2506287097930908
4,0.0005,200,3,average,57.98799991607666,59.119999408721924,1.1809979677200317,1.1520384550094604
5,0.0005,200,3,average,61.31200194358826,60.7699990272522,1.0910183191299438,1.1128374338150024
6,0.0005,200,3,average,64.20599818229675,62.09999918937683,1.0143266916275024,1.0803920030593872
7,0.0005,200,3,average,66.47400259971619,64.2300009727478,0.9551618099212646,1.00851309299469
8,0.0005,200,3,average,69.14799809455872,66.71000123023987,0.8847484588623047,0.9415127635002136
9,0.0005,200,3,average,71.13000154495239,67.89000034332275,0.8290582299232483,0.9233466982841492
10,0.0005,200,3,average,72.89000153541565,68.19999814033508,0.7754476070404053,0.9114891886711121
11,0.0005,200,3,average,74.8520016670227,69.8199987411499,0.7200261354446411,0.8726683259010315
12,0.0005,200,3,average,76.3159990310669,69.88999843597412,0.6786895394325256,0.8730981349945068
13,0.0005,200,3,average,78.65599989891052,69.95999813079834,0.6140753030776978,0.882363498210907
14,0.0005,200,3,average,80.7200014591217,71.28000259399414,0.5590365529060364,0.863132655620575
15,0.0005,200,3,average,82.13800191879272,72.03999757766724,0.5159649848937988,0.8479354977607727
1,0.0005,200,5,max,30.792000889778137,47.17000126838684,1.913343906402588,1.4646658897399902
2,0.0005,200,5,max,50.5840003490448,51.23000144958496,1.3701882362365723,1.3387221097946167
3,0.0005,200,5,max,57.13000297546387,58.8699996471405,1.2064954042434692,1.1526987552642822
4,0.0005,200,5,max,61.900001764297485,63.02000284194946,1.0820800065994263,1.0591213703155518
5,0.0005,200,5,max,65.15399813652039,64.4599974155426,0.9945419430732727,1.020358681678772
6,0.0005,200,5,max,67.99799799919128,67.93000102043152,0.9166056513786316,0.9330708384513855
7,0.0005,200,5,max,70.21999955177307,67.07000136375427,0.8547409772872925,0.9385130405426025
8,0.0005,200,5,max,72.1780002117157,67.51999855041504,0.7983287572860718,0.9413327574729919
9,0.0005,200,5,max,74.37599897384644,69.20999884605408,0.7349005937576294,0.8970634937286377
10,0.0005,200,5,max,76.1139988899231,71.70000076293945,0.6862039566040039,0.8445274233818054
11,0.0005,200,5,max,77.77600288391113,72.2000002861023,0.6338346004486084,0.8284945487976074
12,0.0005,200,5,max,79.50000166893005,71.72999978065491,0.5875071883201599,0.8494856357574463
13,0.0005,200,5,max,81.36000037193298,72.680002450943,0.5334715843200684,0.822401762008667
14,0.0005,200,5,max,82.5760006904602,72.63000011444092,0.4986324608325958,0.8465948700904846
15,0.0005,200,5,max,84.46400165557861,71.8500018119812,0.4439518451690674,0.9150069952011108
1,0.0005,200,5,average,29.25199866294861,40.56999981403351,1.9671200513839722,1.6237921714782715
2,0.0005,200,5,average,45.684000849723816,50.05999803543091,1.4935176372528076,1.411247968673706
3,0.0005,200,5,average,52.622002363204956,55.27999997138977,1.322676658630371,1.2407253980636597
4,0.0005,200,5,average,56.76800012588501,57.41000175476074,1.2147740125656128,1.186753749847412
5,0.0005,200,5,average,59.978002309799194,61.03000044822693,1.136011004447937,1.1153244972229004
6,0.0005,200,5,average,62.70400285720825,60.670000314712524,1.0566965341567993,1.1219385862350464
7,0.0005,200,5,average,65.13199806213379,64.27000164985657,0.9913243055343628,1.028419852256775
8,0.0005,200,5,average,67.03400015830994,65.77000021934509,0.9383279085159302,0.977024257183075
9,0.0005,200,5,average,69.01400089263916,67.10000038146973,0.884571373462677,0.9453449249267578
10,0.0005,200,5,average,70.98600268363953,67.18000173568726,0.8312795758247375,0.9330480098724365
11,0.0005,200,5,average,72.64400124549866,68.8700020313263,0.7810899615287781,0.9063923358917236
12,0.0005,200,5,average,74.55000281333923,69.74999904632568,0.7286921143531799,0.8872739672660828
13,0.0005,200,5,average,75.67800283432007,70.20000219345093,0.6923653483390808,0.8894869089126587
14,0.0005,200,5,average,77.53000259399414,70.13999819755554,0.6414494514465332,0.8818406462669373
15,0.0005,200,5,average,79.07599806785583,71.46999835968018,0.5963318347930908,0.848959743976593
1,0.0001,100,2,max,34.049999713897705,44.22999918460846,1.8559211492538452,1.5170648097991943
2,0.0001,100,2,max,49.75199997425079,54.079997539520264,1.4087984561920166,1.302007794380188
3,0.0001,100,2,max,55.691999197006226,58.13000202178955,1.2526721954345703,1.204983115196228
4,0.0001,100,2,max,59.43400263786316,60.989999771118164,1.152780294418335,1.1268830299377441
5,0.0001,100,2,max,62.31200098991394,63.59000205993652,1.0737050771713257,1.053502082824707
6,0.0001,100,2,max,64.96800184249878,64.44000005722046,1.0100603103637695,1.0193060636520386
7,0.0001,100,2,max,66.61999821662903,64.63000178337097,0.958412230014801,1.0153957605361938
8,0.0001,100,2,max,68.41199994087219,66.86999797821045,0.9079857468605042,0.9473795890808105
9,0.0001,100,2,max,70.11600136756897,67.97999739646912,0.8606899380683899,0.9239077568054199
10,0.0001,100,2,max,71.85400128364563,69.12000179290771,0.816497802734375,0.9018099308013916
11,0.0001,100,2,max,73.23799729347229,68.68000030517578,0.7769221067428589,0.8931313157081604
12,0.0001,100,2,max,74.72800016403198,69.73000168800354,0.7337935566902161,0.8737989664077759
13,0.0001,100,2,max,76.0640025138855,71.5399980545044,0.6930700540542603,0.8424838185310364
14,0.0001,100,2,max,77.7679979801178,71.05000019073486,0.6500788927078247,0.8471742868423462
15,0.0001,100,2,max,79.08999919891357,72.32999801635742,0.6145151853561401,0.822741687297821
1,0.0001,100,2,average,31.011998653411865,42.080000042915344,1.9550468921661377,1.6196719408035278
2,0.0001,100,2,average,44.38999891281128,45.86000144481659,1.533865213394165,1.4997024536132812
3,0.0001,100,2,average,49.49199855327606,51.38000249862671,1.4010043144226074,1.3468127250671387
4,0.0001,100,2,average,52.719998359680176,52.89999842643738,1.317427158355713,1.3019274473190308
5,0.0001,100,2,average,55.31200170516968,55.43000102043152,1.252392053604126,1.257327675819397
6,0.0001,100,2,average,57.4180006980896,57.38999843597412,1.1985888481140137,1.1915534734725952
7,0.0001,100,2,average,58.96199941635132,59.3500018119812,1.1567240953445435,1.1562772989273071
8,0.0001,100,2,average,60.82000136375427,59.619998931884766,1.1098190546035767,1.1353787183761597
9,0.0001,100,2,average,62.199997901916504,60.75999736785889,1.070998191833496,1.0993785858154297
10,0.0001,100,2,average,63.3620023727417,61.77999973297119,1.038907766342163,1.0773025751113892
11,0.0001,100,2,average,64.69200253486633,62.81999945640564,1.002634048461914,1.0591232776641846
12,0.0001,100,2,average,65.91600179672241,62.95999884605408,0.9689717888832092,1.042691946029663
13,0.0001,100,2,average,67.03600287437439,62.6800000667572,0.9384537935256958,1.0606961250305176
14,0.0001,100,2,average,68.12400221824646,64.38000202178955,0.9089281558990479,1.0100613832473755
15,0.0001,100,2,average,69.17200088500977,65.57999849319458,0.8780462145805359,0.9870194792747498
1,0.0001,100,3,max,32.55000114440918,44.62999999523163,1.9197430610656738,1.541616678237915
2,0.0001,100,3,max,48.33199977874756,52.81999707221985,1.4373602867126465,1.3437190055847168
3,0.0001,100,3,max,54.45600152015686,56.220000982284546,1.2833209037780762,1.2451305389404297
4,0.0001,100,3,max,58.48199725151062,58.389997482299805,1.184041142463684,1.171764850616455
5,0.0001,100,3,max,61.34999990463257,62.18000054359436,1.1067957878112793,1.0929874181747437
6,0.0001,100,3,max,63.88000249862671,63.31999897956848,1.04037344455719,1.0593153238296509
7,0.0001,100,3,max,65.92199802398682,65.32999873161316,0.9866524934768677,1.0096029043197632
8,0.0001,100,3,max,67.29000210762024,65.82000255584717,0.9356482028961182,0.9833269715309143
9,0.0001,100,3,max,69.38199996948242,68.22999715805054,0.8918033838272095,0.9256533980369568
10,0.0001,100,3,max,70.90799808502197,68.0400013923645,0.8490655422210693,0.9258663654327393
11,0.0001,100,3,max,72.00199961662292,68.80000233650208,0.8143079876899719,0.9054837822914124
12,0.0001,100,3,max,73.43999743461609,68.98999810218811,0.7749335765838623,0.8942196369171143
13,0.0001,100,3,max,74.46799874305725,70.02000212669373,0.7454460859298706,0.8677417039871216
14,0.0001,100,3,max,75.87400078773499,69.58000063896179,0.7060784697532654,0.8812863230705261
15,0.0001,100,3,max,76.7080008983612,70.59999704360962,0.6796675324440002,0.8634109497070312
1,0.0001,100,3,average,30.50200045108795,38.5699987411499,1.9937883615493774,1.691861629486084
2,0.0001,100,3,average,42.1099990606308,43.209999799728394,1.6002843379974365,1.538285493850708
3,0.0001,100,3,average,47.064000368118286,48.590001463890076,1.4695460796356201,1.4353644847869873
4,0.0001,100,3,average,50.38999915122986,52.13000178337097,1.3834502696990967,1.34538996219635
5,0.0001,100,3,average,52.810001373291016,52.97999978065491,1.3191734552383423,1.3044143915176392
6,0.0001,100,3,average,55.20600080490112,53.72999906539917,1.2636418342590332,1.2690352201461792
7,0.0001,100,3,average,57.1120023727417,57.56999850273132,1.2133947610855103,1.203821063041687
8,0.0001,100,3,average,58.63199830055237,58.28999876976013,1.171349048614502,1.1889764070510864
9,0.0001,100,3,average,60.09399890899658,59.03000235557556,1.1342604160308838,1.1552351713180542
10,0.0001,100,3,average,61.441999673843384,60.579997301101685,1.092897891998291,1.1097108125686646
11,0.0001,100,3,average,62.67399787902832,61.21000051498413,1.0603641271591187,1.0966945886611938
12,0.0001,100,3,average,63.92999887466431,62.300002574920654,1.0272724628448486,1.0709437131881714
13,0.0001,100,3,average,64.99999761581421,61.7900013923645,0.9988443851470947,1.0711565017700195
14,0.0001,100,3,average,66.04200005531311,64.03999924659729,0.9715085625648499,1.0359233617782593
15,0.0001,100,3,average,67.20399856567383,64.92000222206116,0.940223753452301,1.0062851905822754
1,0.0001,100,5,max,29.3940007686615,41.040000319480896,1.985992670059204,1.6116772890090942
2,0.0001,100,5,max,44.81399953365326,49.230000376701355,1.5223238468170166,1.4186902046203613
3,0.0001,100,5,max,50.72399973869324,52.28999853134155,1.376643180847168,1.3253260850906372
4,0.0001,100,5,max,54.65800166130066,56.620001792907715,1.2807774543762207,1.2399998903274536
5,0.0001,100,5,max,57.83600211143494,56.63999915122986,1.2007713317871094,1.2232621908187866
6,0.0001,100,5,max,60.14000177383423,61.21000051498413,1.135299801826477,1.1065797805786133
7,0.0001,100,5,max,62.26000189781189,62.33999729156494,1.0771771669387817,1.0840528011322021
8,0.0001,100,5,max,64.08399939537048,62.459999322891235,1.0351738929748535,1.0704368352890015
9,0.0001,100,5,max,65.45799970626831,63.349997997283936,0.991076648235321,1.049635887145996
10,0.0001,100,5,max,66.81600213050842,66.36999845504761,0.9562703371047974,0.9756442904472351
11,0.0001,100,5,max,67.87400245666504,65.49000144004822,0.9262221455574036,0.9869633316993713
12,0.0001,100,5,max,69.29200291633606,66.54000282287598,0.8899837136268616,0.9660755395889282
13,0.0001,100,5,max,70.28200030326843,67.41999983787537,0.8580648899078369,0.9491223096847534
14,0.0001,100,5,max,71.77600264549255,67.94999837875366,0.8258511424064636,0.9272217750549316
15,0.0001,100,5,max,72.3800003528595,69.04000043869019,0.7973212599754333,0.9080851078033447
1,0.0001,100,5,average,27.248001098632812,37.40000128746033,2.0675151348114014,1.7408465147018433
2,0.0001,100,5,average,41.11799895763397,43.59999895095825,1.621267557144165,1.5394363403320312
3,0.0001,100,5,average,45.820000767707825,48.28999936580658,1.489923119544983,1.4384796619415283
4,0.0001,100,5,average,48.914000391960144,51.02999806404114,1.4207767248153687,1.3799792528152466
5,0.0001,100,5,average,50.901997089385986,52.57999897003174,1.3648877143859863,1.3267921209335327
6,0.0001,100,5,average,53.11400294303894,52.469998598098755,1.3170479536056519,1.316788911819458
7,0.0001,100,5,average,54.50199842453003,53.97999882698059,1.2766344547271729,1.2801220417022705
8,0.0001,100,5,average,55.997997522354126,56.02999925613403,1.2388601303100586,1.233840823173523
9,0.0001,100,5,average,57.43600130081177,57.249999046325684,1.2031959295272827,1.2067782878875732
10,0.0001,100,5,average,58.744001388549805,58.53999853134155,1.1694698333740234,1.1797857284545898
11,0.0001,100,5,average,60.207998752593994,59.299999475479126,1.136002540588379,1.153063178062439
12,0.0001,100,5,average,61.103999614715576,59.380000829696655,1.1050935983657837,1.1408370733261108
13,0.0001,100,5,average,62.33400106430054,59.67000126838684,1.0723873376846313,1.1506046056747437
14,0.0001,100,5,average,63.24399709701538,60.00000238418579,1.0468025207519531,1.1347373723983765
15,0.0001,100,5,average,64.32999968528748,60.46000123023987,1.018770456314087,1.1111762523651123
1,0.0001,200,2,max,27.900001406669617,41.04999899864197,2.0327436923980713,1.6488699913024902
2,0.0001,200,2,max,44.01800036430359,48.579999804496765,1.5556198358535767,1.449069857597351
3,0.0001,200,2,max,49.79600012302399,52.42999792098999,1.4017165899276733,1.3466033935546875
4,0.0001,200,2,max,53.73600125312805,55.62000274658203,1.3060563802719116,1.2655038833618164
5,0.0001,200,2,max,56.39200210571289,56.459999084472656,1.234235405921936,1.2198445796966553
6,0.0001,200,2,max,58.987998962402344,58.85000228881836,1.1723065376281738,1.1644487380981445
7,0.0001,200,2,max,60.65800189971924,62.12000250816345,1.1202706098556519,1.0995734930038452
8,0.0001,200,2,max,62.38800287246704,63.65000009536743,1.0755985975265503,1.0648069381713867
9,0.0001,200,2,max,64.06400203704834,62.81999945640564,1.031692385673523,1.057512640953064
10,0.0001,200,2,max,65.19799828529358,64.10999894142151,0.9986050128936768,1.0321825742721558
11,0.0001,200,2,max,66.68999791145325,63.510000705718994,0.9623572826385498,1.038574457168579
12,0.0001,200,2,max,67.67600178718567,66.03999733924866,0.9305608868598938,0.979530930519104
13,0.0001,200,2,max,68.74600052833557,67.21000075340271,0.902401864528656,0.9578413367271423
14,0.0001,200,2,max,69.72600221633911,66.36000275611877,0.8705201148986816,0.9553513526916504
15,0.0001,200,2,max,70.87000012397766,66.97999835014343,0.838922917842865,0.9417937397956848
1,0.0001,200,2,average,25.769999623298645,36.809998750686646,2.133406162261963,1.791958212852478
2,0.0001,200,2,average,38.589999079704285,42.5900012254715,1.7094422578811646,1.6065373420715332
3,0.0001,200,2,average,44.02399957180023,46.41999900341034,1.5597957372665405,1.4992985725402832
4,0.0001,200,2,average,47.251999378204346,48.28999936580658,1.4633535146713257,1.4259002208709717
5,0.0001,200,2,average,50.3059983253479,51.579999923706055,1.3825777769088745,1.347678780555725
6,0.0001,200,2,average,52.42199897766113,53.17999720573425,1.3287442922592163,1.3206230401992798
7,0.0001,200,2,average,54.562002420425415,54.18999791145325,1.2765940427780151,1.2677723169326782
8,0.0001,200,2,average,55.949997901916504,55.709999799728394,1.2354941368103027,1.2370893955230713
9,0.0001,200,2,average,57.41400122642517,58.069998025894165,1.1971279382705688,1.1857380867004395
10,0.0001,200,2,average,58.969998359680176,58.70000123977661,1.1582138538360596,1.1584030389785767
11,0.0001,200,2,average,60.092002153396606,57.910001277923584,1.126493215560913,1.1718578338623047
12,0.0001,200,2,average,61.39199733734131,60.659998655319214,1.095687747001648,1.1134388446807861
13,0.0001,200,2,average,62.13200092315674,59.97999906539917,1.0732905864715576,1.1219404935836792
14,0.0001,200,2,average,63.05599808692932,61.97999715805054,1.047383189201355,1.0774621963500977
15,0.0001,200,2,average,64.25399780273438,61.41999959945679,1.021793007850647,1.0701614618301392
1,0.0001,200,3,max,27.00200080871582,38.440001010894775,2.1256608963012695,1.718787431716919
2,0.0001,200,3,max,42.18800067901611,46.549999713897705,1.5983355045318604,1.4913197755813599
3,0.0001,200,3,max,49.21000003814697,51.46999955177307,1.4225398302078247,1.3574016094207764
4,0.0001,200,3,max,53.37600111961365,52.890002727508545,1.3169496059417725,1.3107343912124634
5,0.0001,200,3,max,56.36399984359741,56.33000135421753,1.2401989698410034,1.2384124994277954
6,0.0001,200,3,max,58.719998598098755,59.00999903678894,1.178764820098877,1.1742918491363525
7,0.0001,200,3,max,60.59799790382385,60.9000027179718,1.1308808326721191,1.1251840591430664
8,0.0001,200,3,max,62.13799715042114,62.5,1.083985686302185,1.0763814449310303
9,0.0001,200,3,max,63.73000144958496,62.63999938964844,1.046568512916565,1.0780013799667358
10,0.0001,200,3,max,64.8859977722168,63.999998569488525,1.0124348402023315,1.0340749025344849
11,0.0001,200,3,max,65.96400141716003,65.31999707221985,0.984768271446228,1.0095000267028809
12,0.0001,200,3,max,66.79800152778625,65.31000137329102,0.9574275016784668,1.0108336210250854
13,0.0001,200,3,max,67.85399913787842,65.93999862670898,0.9304540753364563,0.9941423535346985
14,0.0001,200,3,max,68.74600052833557,66.40999913215637,0.9066829681396484,0.9644281268119812
15,0.0001,200,3,max,69.39200162887573,66.36999845504761,0.8856903314590454,0.9790801405906677
1,0.0001,200,3,average,24.809999763965607,32.73000121116638,2.1738293170928955,1.8228957653045654
2,0.0001,200,3,average,37.964001297950745,39.570000767707825,1.7281441688537598,1.6435261964797974
3,0.0001,200,3,average,42.625999450683594,44.96000111103058,1.5847039222717285,1.529274344444275
4,0.0001,200,3,average,45.796000957489014,47.5600004196167,1.4951250553131104,1.4596617221832275
5,0.0001,200,3,average,48.2340008020401,49.50999915599823,1.4342563152313232,1.3993312120437622
6,0.0001,200,3,average,50.31200051307678,50.72000026702881,1.384904146194458,1.368452548980713
7,0.0001,200,3,average,51.85199975967407,52.93999910354614,1.3428999185562134,1.3179118633270264
8,0.0001,200,3,average,53.464001417160034,53.75000238418579,1.3059879541397095,1.294213891029358
9,0.0001,200,3,average,54.401999711990356,54.68999743461609,1.2805763483047485,1.2641526460647583
10,0.0001,200,3,average,55.96799850463867,54.4700026512146,1.245413899421692,1.2640703916549683
11,0.0001,200,3,average,57.01799988746643,56.33999705314636,1.2160334587097168,1.2205828428268433
12,0.0001,200,3,average,57.92400240898132,56.69999718666077,1.1928235292434692,1.2064318656921387
13,0.0001,200,3,average,59.06999707221985,57.88000226020813,1.164786696434021,1.191922903060913
14,0.0001,200,3,average,59.887999296188354,58.53999853134155,1.1388193368911743,1.165466547012329
15,0.0001,200,3,average,60.75599789619446,59.170001745224,1.1173896789550781,1.142683744430542
1,0.0001,200,5,max,23.528000712394714,34.74000096321106,2.2077877521514893,1.7956587076187134
2,0.0001,200,5,max,38.8480007648468,42.87000000476837,1.6822575330734253,1.5736552476882935
3,0.0001,200,5,max,45.221999287605286,48.35000038146973,1.5132025480270386,1.4495593309402466
4,0.0001,200,5,max,49.47400093078613,50.540000200271606,1.407884955406189,1.3935942649841309
5,0.0001,200,5,max,52.45800018310547,53.57000231742859,1.3387354612350464,1.3112306594848633
6,0.0001,200,5,max,54.923999309539795,54.72000241279602,1.2794071435928345,1.2739262580871582
7,0.0001,200,5,max,56.940001249313354,56.940001249313354,1.2288954257965088,1.221668004989624
8,0.0001,200,5,max,58.57800245285034,58.74999761581421,1.183242917060852,1.1706045866012573
9,0.0001,200,5,max,60.01399755477905,59.72999930381775,1.1403999328613281,1.153710126876831
10,0.0001,200,5,max,61.56799793243408,60.64000129699707,1.1005436182022095,1.1133655309677124
11,0.0001,200,5,max,62.78600096702576,62.3199999332428,1.071408987045288,1.076363205909729
12,0.0001,200,5,max,63.840001821517944,61.76000237464905,1.041191816329956,1.0881569385528564
13,0.0001,200,5,max,64.65799808502197,63.48000168800354,1.0209907293319702,1.0513361692428589
14,0.0001,200,5,max,65.56400060653687,64.410001039505,0.9913141131401062,1.0170971155166626
15,0.0001,200,5,max,66.38799905776978,62.81999945640564,0.9693684577941895,1.0597988367080688
1,0.0001,200,5,average,23.69599938392639,34.00000035762787,2.261268377304077,1.8251243829727173
2,0.0001,200,5,average,36.80599927902222,40.779998898506165,1.7477302551269531,1.642992377281189
3,0.0001,200,5,average,42.396000027656555,43.81000101566315,1.5881916284561157,1.54368257522583
4,0.0001,200,5,average,45.20399868488312,46.59000039100647,1.517886996269226,1.4796229600906372
5,0.0001,200,5,average,47.03400135040283,47.99000024795532,1.4623502492904663,1.4320068359375
6,0.0001,200,5,average,48.64000082015991,49.52999949455261,1.423673152923584,1.3975757360458374
7,0.0001,200,5,average,50.16000270843506,50.19000172615051,1.3866970539093018,1.3790630102157593
8,0.0001,200,5,average,51.47600173950195,50.83000063896179,1.356358528137207,1.346727728843689
9,0.0001,200,5,average,52.42999792098999,52.52000093460083,1.326760172843933,1.3177123069763184
10,0.0001,200,5,average,53.675997257232666,53.2800018787384,1.3000636100769043,1.2968565225601196
11,0.0001,200,5,average,54.61999773979187,54.12999987602234,1.2705775499343872,1.2766402959823608
12,0.0001,200,5,average,55.914002656936646,55.58000206947327,1.24382746219635,1.2520051002502441
13,0.0001,200,5,average,56.45599961280823,55.79000115394592,1.2268853187561035,1.2438298463821411
14,0.0001,200,5,average,57.27999806404114,56.83000087738037,1.2030493021011353,1.2139256000518799
15,0.0001,200,5,average,58.37399959564209,57.34000205993652,1.181948184967041,1.2041785717010498
